Instrument	Config	Focal Plane	fpu	slit width	slit length	disperser	filter	wave min	wave max	wave optimal	wave coverage	resolution	AO	capabilities	site
GMOS-N	B1200 0.25"	singleslit,multislit	0.25"	0.250	330	B1200	none	0.36	0.72	0.463	0.164	7488	no		n
GMOS-N	B1200 0.50"	singleslit,multislit	0.50"	0.500	330	B1200	none	0.36	0.72	0.463	0.164	3744	no		n
GMOS-N	B1200 0.75"	singleslit,multislit	0.75"	0.750	330	B1200	none	0.36	0.72	0.463	0.164	2496	no		n
GMOS-N	B1200 1.0"	singleslit,multislit	1.0"	1.000	330	B1200	none	0.36	0.72	0.463	0.164	1872	no		n
GMOS-N	B1200 1.5"	singleslit,multislit	1.5"	1.500	330	B1200	none	0.36	0.72	0.463	0.164	1248	no		n
GMOS-N	B1200 2.0"	singleslit,multislit	2.0"	2.000	330	B1200	none	0.36	0.72	0.463	0.164	936	no		n
GMOS-N	B1200 5.0"	singleslit,multislit	5.0"	5.000	330	B1200	none	0.36	0.72	0.463	0.164	374	no		n
GMOS-N	B1200 0.25" GG455	singleslit,multislit	0.25"	0.250	330	B1200	GG455	0.46	0.92	0.463	0.164	7488	no		n
GMOS-N	B1200 0.50" GG455	singleslit,multislit	0.50"	0.500	330	B1200	GG455	0.46	0.92	0.463	0.164	3744	no		n
GMOS-N	B1200 0.75"  GG455	singleslit,multislit	0.75"	0.750	330	B1200	GG455	0.46	0.92	0.463	0.164	2496	no		n
GMOS-N	B1200 1.0"  GG455	singleslit,multislit	1.0"	1.000	330	B1200	GG455	0.46	0.92	0.463	0.164	1872	no		n
GMOS-N	B1200 1.5"  GG455	singleslit,multislit	1.5"	1.500	330	B1200	GG455	0.46	0.92	0.463	0.164	1248	no		n
GMOS-N	B1200 2.0"  GG455	singleslit,multislit	2.0"	2.000	330	B1200	GG455	0.46	0.92	0.463	0.164	936	no		n
GMOS-N	B1200 5.0"  GG455	singleslit,multislit	5.0"	5.000	330	B1200	GG455	0.46	0.92	0.463	0.164	374	no		n
GMOS-N	B1200 0.25" OG515	singleslit,multislit	0.25"	0.250	330	B1200	OG515	0.52	1.03	0.463	0.164	7488	no		n
GMOS-N	B1200 0.50" OG515	singleslit,multislit	0.50"	0.500	330	B1200	OG515	0.52	1.03	0.463	0.164	3744	no		n
GMOS-N	B1200 0.75" OG515	singleslit,multislit	0.75"	0.750	330	B1200	OG515	0.52	1.03	0.463	0.164	2496	no		n
GMOS-N	B1200 1.0" OG515	singleslit,multislit	1.0"	1.000	330	B1200	OG515	0.52	1.03	0.463	0.164	1872	no		n
GMOS-N	B1200 1.5" OG515	singleslit,multislit	1.5"	1.500	330	B1200	OG515	0.52	1.03	0.463	0.164	1248	no		n
GMOS-N	B1200 2.0" OG515	singleslit,multislit	2.0"	2.000	330	B1200	OG515	0.52	1.03	0.463	0.164	936	no		n
GMOS-N	B1200 5.0" OG515	singleslit,multislit	5.0"	5.000	330	B1200	OG515	0.52	1.03	0.463	0.164	374	no		n
GMOS-N	B1200 0.25" RG610	singleslit,multislit	0.25"	0.250	330	B1200	RG610	0.61	1.03	0.463	0.164	7488	no		n
GMOS-N	B1200 0.50" RG610	singleslit,multislit	0.50"	0.500	330	B1200	RG610	0.61	1.03	0.463	0.164	3744	no		n
GMOS-N	B1200 0.75" RG610	singleslit,multislit	0.75"	0.750	330	B1200	RG610	0.61	1.03	0.463	0.164	2496	no		n
GMOS-N	B1200 1.0" RG610	singleslit,multislit	1.0"	1.000	330	B1200	RG610	0.61	1.03	0.463	0.164	1872	no		n
GMOS-N	B1200 1.5" RG610	singleslit,multislit	1.5"	1.500	330	B1200	RG610	0.61	1.03	0.463	0.164	1248	no		n
GMOS-N	B1200 2.0" RG610	singleslit,multislit	2.0"	2.000	330	B1200	RG610	0.61	1.03	0.463	0.164	936	no		n
GMOS-N	B1200 5.0" RG610	singleslit,multislit	5.0"	5.000	330	B1200	RG610	0.61	1.03	0.463	0.164	374	no		n
GMOS-N	R831 0.25"	singleslit,multislit	0.25"	0.250	330	R831	none	0.36	0.72	0.757	0.235	8792	no		n
GMOS-N	R831 0.50"	singleslit,multislit	0.50"	0.500	330	R831	none	0.36	0.72	0.757	0.235	4396	no		n
GMOS-N	R831 0.75"	singleslit,multislit	0.75"	0.750	330	R831	none	0.36	0.72	0.757	0.235	2931	no		n
GMOS-N	R831 1.0"	singleslit,multislit	1.0"	1.000	330	R831	none	0.36	0.72	0.757	0.235	2198	no		n
GMOS-N	R831 1.5"	singleslit,multislit	1.5"	1.500	330	R831	none	0.36	0.72	0.757	0.235	1465	no		n
GMOS-N	R831 2.0"	singleslit,multislit	2.0"	2.000	330	R831	none	0.36	0.72	0.757	0.235	1099	no		n
GMOS-N	R831 5.0"	singleslit,multislit	5.0"	5.000	330	R831	none	0.36	0.72	0.757	0.235	440	no		n
GMOS-N	R831 0.25" GG455	singleslit,multislit	0.25"	0.250	330	R831	GG455	0.46	0.92	0.757	0.235	8792	no		n
GMOS-N	R831 0.50"  GG455	singleslit,multislit	0.50"	0.500	330	R831	GG455	0.46	0.92	0.757	0.235	4396	no		n
GMOS-N	R831 0.75"  GG455	singleslit,multislit	0.75"	0.750	330	R831	GG455	0.46	0.92	0.757	0.235	2931	no		n
GMOS-N	R831 1.0" GG455	singleslit,multislit	1.0"	1.000	330	R831	GG455	0.46	0.92	0.757	0.235	2198	no		n
GMOS-N	R831 1.5" GG455	singleslit,multislit	1.5"	1.500	330	R831	GG455	0.46	0.92	0.757	0.235	1465	no		n
GMOS-N	R831 2.0" GG455	singleslit,multislit	2.0"	2.000	330	R831	GG455	0.46	0.92	0.757	0.235	1099	no		n
GMOS-N	R831 5.0" GG455	singleslit,multislit	5.0"	5.000	330	R831	GG455	0.46	0.92	0.757	0.235	440	no		n
GMOS-N	R831 0.25" OG515	singleslit,multislit	0.25"	0.250	330	R831	OG515	0.52	1.03	0.757	0.235	8792	no		n
GMOS-N	R831 0.50" OG515	singleslit,multislit	0.50"	0.500	330	R831	OG515	0.52	1.03	0.757	0.235	4396	no		n
GMOS-N	R831 0.75" OG515	singleslit,multislit	0.75"	0.750	330	R831	OG515	0.52	1.03	0.757	0.235	2931	no		n
GMOS-N	R831 1.0" OG515	singleslit,multislit	1.0"	1.000	330	R831	OG515	0.52	1.03	0.757	0.235	2198	no		n
GMOS-N	R831 1.5" OG515	singleslit,multislit	1.5"	1.500	330	R831	OG515	0.52	1.03	0.757	0.235	1465	no		n
GMOS-N	R831 2.0" OG515	singleslit,multislit	2.0"	2.000	330	R831	OG515	0.52	1.03	0.757	0.235	1099	no		n
GMOS-N	R831 5.0" OG515	singleslit,multislit	5.0"	5.000	330	R831	OG515	0.52	1.03	0.757	0.235	440	no		n
GMOS-N	R831 0.25" RG610	singleslit,multislit	0.25"	0.250	330	R831	RG610	0.61	1.03	0.757	0.235	8792	no		n
GMOS-N	R831 0.50" RG610	singleslit,multislit	0.50"	0.500	330	R831	RG610	0.61	1.03	0.757	0.235	4396	no		n
GMOS-N	R831 0.75" RG610	singleslit,multislit	0.75"	0.750	330	R831	RG610	0.61	1.03	0.757	0.235	2931	no		n
GMOS-N	R831 1.0" RG610	singleslit,multislit	1.0"	1.000	330	R831	RG610	0.61	1.03	0.757	0.235	2198	no		n
GMOS-N	R831 1.5" RG610	singleslit,multislit	1.5"	1.500	330	R831	RG610	0.61	1.03	0.757	0.235	1465	no		n
GMOS-N	R831 2.0" RG610	singleslit,multislit	2.0"	2.000	330	R831	RG610	0.61	1.03	0.757	0.235	1099	no		n
GMOS-N	R831 5.0" RG610	singleslit,multislit	5.0"	5.000	330	R831	RG610	0.61	1.03	0.757	0.235	440	no		n
GMOS-N	R831 0.25" CaT	singleslit,multislit	0.25"	0.250	330	R831	CaT	0.78	0.933	0.86	0.153	8792	no		n
GMOS-N	R831 0.50" CaT	singleslit,multislit	0.50"	0.500	330	R831	CaT	0.78	0.933	0.86	0.153	4396	no		n
GMOS-N	R831 0.75" CaT	singleslit,multislit	0.75"	0.750	330	R831	CaT	0.78	0.933	0.86	0.153	2931	no		n
GMOS-N	R831 1.0" CaT	singleslit,multislit	1.0"	1.000	330	R831	CaT	0.78	0.933	0.86	0.153	2198	no		n
GMOS-N	R831 1.5" CaT	singleslit,multislit	1.5"	1.500	330	R831	CaT	0.78	0.933	0.86	0.153	1465	no		n
GMOS-N	R831 2.0" CaT	singleslit,multislit	2.0"	2.000	330	R831	CaT	0.78	0.933	0.86	0.153	1099	no		n
GMOS-N	R831 5.0" CaT	singleslit,multislit	5.0"	5.000	330	R831	CaT	0.78	0.933	0.86	0.153	440	no		n
GMOS-N	B480 0.25"	singleslit,multislit	0.25"	0.250	330	B480	none	0.36	0.72	0.422	0.36	3040	no		n
GMOS-N	B480 0.50"	singleslit,multislit	0.50"	0.500	330	B480	none	0.36	0.72	0.422	0.36	1520	no		n
GMOS-N	B480 0.75"	singleslit,multislit	0.75"	0.750	330	B480	none	0.36	0.72	0.422	0.36	1013	no		n
GMOS-N	B480 1.0"	singleslit,multislit	1.0"	1.000	330	B480	none	0.36	0.72	0.422	0.36	760	no		n
GMOS-N	B480 1.5"	singleslit,multislit	1.5"	1.500	330	B480	none	0.36	0.72	0.422	0.36	507	no		n
GMOS-N	B480 2.0"	singleslit,multislit	2.0"	2.000	330	B480	none	0.36	0.72	0.422	0.36	380	no		n
GMOS-N	B480 5.0"	singleslit,multislit	5.0"	5.000	330	B480	none	0.36	0.72	0.422	0.36	152	no		n
GMOS-N	B480 0.25" GG455	singleslit,multislit	0.25"	0.250	330	B480	GG455	0.46	0.92	0.422	0.39	3040	no		n
GMOS-N	B480 0.50" GG455	singleslit,multislit	0.50"	0.500	330	B480	GG455	0.46	0.92	0.422	0.39	1520	no		n
GMOS-N	B480 0.75" GG455	singleslit,multislit	0.75"	0.750	330	B480	GG455	0.46	0.92	0.422	0.39	1013	no		n
GMOS-N	B480 1.0" GG455	singleslit,multislit	1.0"	1.000	330	B480	GG455	0.46	0.92	0.422	0.39	760	no		n
GMOS-N	B480 1.5" GG455	singleslit,multislit	1.5"	1.500	330	B480	GG455	0.46	0.92	0.422	0.39	507	no		n
GMOS-N	B480 2.0" GG455	singleslit,multislit	2.0"	2.000	330	B480	GG455	0.46	0.92	0.422	0.39	380	no		n
GMOS-N	B480 5.0" GG455	singleslit,multislit	5.0"	5.000	330	B480	GG455	0.46	0.92	0.422	0.39	152	no		n
GMOS-N	B480 0.25" OG515	singleslit,multislit	0.25"	0.250	330	B480	OG515	0.52	1.03	0.422	0.39	3040	no		n
GMOS-N	B480 0.50" OG515	singleslit,multislit	0.50"	0.500	330	B480	OG515	0.52	1.03	0.422	0.39	1520	no		n
GMOS-N	B480 0.75" OG515	singleslit,multislit	0.75"	0.750	330	B480	OG515	0.52	1.03	0.422	0.39	1013	no		n
GMOS-N	B480 1.0" OG515	singleslit,multislit	1.0"	1.000	330	B480	OG515	0.52	1.03	0.422	0.39	760	no		n
GMOS-N	B480 1.5" OG515	singleslit,multislit	1.5"	1.500	330	B480	OG515	0.52	1.03	0.422	0.39	507	no		n
GMOS-N	B480 2.0" OG515	singleslit,multislit	2.0"	2.000	330	B480	OG515	0.52	1.03	0.422	0.39	380	no		n
GMOS-N	B480 5.0" OG515	singleslit,multislit	5.0"	5.000	330	B480	OG515	0.52	1.03	0.422	0.39	152	no		n
GMOS-N	B480 0.25" RG610	singleslit,multislit	0.25"	0.250	330	B480	RG610	0.61	1.03	0.422	0.39	3040	no		n
GMOS-N	B480 0.50" RG610	singleslit,multislit	0.50"	0.500	330	B480	RG610	0.61	1.03	0.422	0.39	1520	no		n
GMOS-N	B480 0.75" RG610	singleslit,multislit	0.75"	0.750	330	B480	RG610	0.61	1.03	0.422	0.39	1013	no		n
GMOS-N	B480 1.0" RG610	singleslit,multislit	1.0"	1.000	330	B480	RG610	0.61	1.03	0.422	0.39	760	no		n
GMOS-N	B480 1.5" RG610	singleslit,multislit	1.5"	1.500	330	B480	RG610	0.61	1.03	0.422	0.39	507	no		n
GMOS-N	B480 2.0" RG610	singleslit,multislit	2.0"	2.000	330	B480	RG610	0.61	1.03	0.422	0.39	380	no		n
GMOS-N	B480 5.0" RG610	singleslit,multislit	5.0"	5.000	330	B480	RG610	0.61	1.03	0.422	0.39	152	no		n
GMOS-N	R400 0.25"	singleslit,multislit	0.25"	0.250	330	R400	none	0.36	0.72	0.764	0.36	3836	no		n
GMOS-N	R400 0.50"	singleslit,multislit	0.50"	0.500	330	R400	none	0.36	0.72	0.764	0.36	1918	no		n
GMOS-N	R400 0.75"	singleslit,multislit	0.75"	0.750	330	R400	none	0.36	0.72	0.764	0.36	1279	no		n
GMOS-N	R400 1.0"	singleslit,multislit	1.0"	1.000	330	R400	none	0.36	0.72	0.764	0.36	959	no		n
GMOS-N	R400 1.5"	singleslit,multislit	1.5"	1.500	330	R400	none	0.36	0.72	0.764	0.36	639	no		n
GMOS-N	R400 2.0"	singleslit,multislit	2.0"	2.000	330	R400	none	0.36	0.72	0.764	0.36	480	no		n
GMOS-N	R400 5.0"	singleslit,multislit	5.0"	5.000	330	R400	none	0.36	0.72	0.764	0.36	192	no		n
GMOS-N	R400 0.25"	singleslit,multislit	0.25"	0.250	330	R400	GG455	0.46	0.92	0.764	0.46	3836	no		n
GMOS-N	R400 0.50"	singleslit,multislit	0.50"	0.500	330	R400	GG455	0.46	0.92	0.764	0.46	1918	no		n
GMOS-N	R400 0.75"	singleslit,multislit	0.75"	0.750	330	R400	GG455	0.46	0.92	0.764	0.46	1279	no		n
GMOS-N	R400 1.0"	singleslit,multislit	1.0"	1.000	330	R400	GG455	0.46	0.92	0.764	0.46	959	no		n
GMOS-N	R400 1.5"	singleslit,multislit	1.5"	1.500	330	R400	GG455	0.46	0.92	0.764	0.46	639	no		n
GMOS-N	R400 2.0"	singleslit,multislit	2.0"	2.000	330	R400	GG455	0.46	0.92	0.764	0.46	480	no		n
GMOS-N	R400 5.0"	singleslit,multislit	5.0"	5.000	330	R400	GG455	0.46	0.92	0.764	0.46	192	no		n
GMOS-N	R400 0.25"	singleslit,multislit	0.25"	0.250	330	R400	OG515	0.52	1.03	0.764	0.472	3836	no		n
GMOS-N	R400 0.50"	singleslit,multislit	0.50"	0.500	330	R400	OG515	0.52	1.03	0.764	0.472	1918	no		n
GMOS-N	R400 0.75"	singleslit,multislit	0.75"	0.750	330	R400	OG515	0.52	1.03	0.764	0.472	1279	no		n
GMOS-N	R400 1.0"	singleslit,multislit	1.0"	1.000	330	R400	OG515	0.52	1.03	0.764	0.472	959	no		n
GMOS-N	R400 1.5"	singleslit,multislit	1.5"	1.500	330	R400	OG515	0.52	1.03	0.764	0.472	639	no		n
GMOS-N	R400 2.0"	singleslit,multislit	2.0"	2.000	330	R400	OG515	0.52	1.03	0.764	0.472	480	no		n
GMOS-N	R400 5.0"	singleslit,multislit	5.0"	5.000	330	R400	OG515	0.52	1.03	0.764	0.472	192	no		n
GMOS-N	R400 0.25"	singleslit,multislit	0.25"	0.250	330	R400	RG610	0.61	1.03	0.764	0.42	3836	no		n
GMOS-N	R400 0.50"	singleslit,multislit	0.50"	0.500	330	R400	RG610	0.61	1.03	0.764	0.42	1918	no		n
GMOS-N	R400 0.75"	singleslit,multislit	0.75"	0.750	330	R400	RG610	0.61	1.03	0.764	0.42	1279	no		n
GMOS-N	R400 1.0"	singleslit,multislit	1.0"	1.000	330	R400	RG610	0.61	1.03	0.764	0.42	959	no		n
GMOS-N	R400 1.5"	singleslit,multislit	1.5"	1.500	330	R400	RG610	0.61	1.03	0.764	0.42	639	no		n
GMOS-N	R400 2.0"	singleslit,multislit	2.0"	2.000	330	R400	RG610	0.61	1.03	0.764	0.42	480	no		n
GMOS-N	R400 5.0"	singleslit,multislit	5.0"	5.000	330	R400	RG610	0.61	1.03	0.764	0.42	192	no		n
GMOS-N	R400 0.25"	singleslit,multislit	0.25"	0.250	330	R400	CaT	0.78	0.933	0.86	0.153	3836	no		n
GMOS-N	R400 0.50"	singleslit,multislit	0.50"	0.500	330	R400	CaT	0.78	0.933	0.86	0.153	1918	no		n
GMOS-N	R400 0.75"	singleslit,multislit	0.75"	0.750	330	R400	CaT	0.78	0.933	0.86	0.153	1279	no		n
GMOS-N	R400 1.0"	singleslit,multislit	1.0"	1.000	330	R400	CaT	0.78	0.933	0.86	0.153	959	no		n
GMOS-N	R400 1.5"	singleslit,multislit	1.5"	1.500	330	R400	CaT	0.78	0.933	0.86	0.153	639	no		n
GMOS-N	R400 2.0"	singleslit,multislit	2.0"	2.000	330	R400	CaT	0.78	0.933	0.86	0.153	480	no		n
GMOS-N	R400 5.0"	singleslit,multislit	5.0"	5.000	330	R400	CaT	0.78	0.933	0.86	0.153	192	no		n
GMOS-N	R150 0.25"	singleslit,multislit	0.25"	0.250	330	R150	none	0.36	0.72	0.717	0.36	1262	no		n
GMOS-N	R150 0.50"	singleslit,multislit	0.50"	0.500	330	R150	none	0.36	0.72	0.717	0.36	631	no		n
GMOS-N	R150 0.75"	singleslit,multislit	0.75"	0.750	330	R150	none	0.36	0.72	0.717	0.36	421	no		n
GMOS-N	R150 1.0"	singleslit,multislit	1.0"	1.000	330	R150	none	0.36	0.72	0.717	0.36	316	no		n
GMOS-N	R150 1.5"	singleslit,multislit	1.5"	1.500	330	R150	none	0.36	0.72	0.717	0.36	210	no		n
GMOS-N	R150 2.0"	singleslit,multislit	2.0"	2.000	330	R150	none	0.36	0.72	0.717	0.36	158	no		n
GMOS-N	R150 5.0"	singleslit,multislit	5.0"	5.000	330	R150	none	0.36	0.72	0.717	0.36	63	no		n
GMOS-N	R150 0.25"	singleslit,multislit	0.25"	0.250	330	R150	GG455	0.46	0.92	0.717	0.46	1262	no		n
GMOS-N	R150 0.50"	singleslit,multislit	0.50"	0.500	330	R150	GG455	0.46	0.92	0.717	0.46	631	no		n
GMOS-N	R150 0.75"	singleslit,multislit	0.75"	0.750	330	R150	GG455	0.46	0.92	0.717	0.46	421	no		n
GMOS-N	R150 1.0"	singleslit,multislit	1.0"	1.000	330	R150	GG455	0.46	0.92	0.717	0.46	316	no		n
GMOS-N	R150 1.5"	singleslit,multislit	1.5"	1.500	330	R150	GG455	0.46	0.92	0.717	0.46	210	no		n
GMOS-N	R150 2.0"	singleslit,multislit	2.0"	2.000	330	R150	GG455	0.46	0.92	0.717	0.46	158	no		n
GMOS-N	R150 5.0"	singleslit,multislit	5.0"	5.000	330	R150	GG455	0.46	0.92	0.717	0.46	63	no		n
GMOS-N	R150 0.25"	singleslit,multislit	0.25"	0.250	330	R150	OG515	0.52	1.03	0.717	0.51	1262	no		n
GMOS-N	R150 0.50"	singleslit,multislit	0.50"	0.500	330	R150	OG515	0.52	1.03	0.717	0.51	631	no		n
GMOS-N	R150 0.75"	singleslit,multislit	0.75"	0.750	330	R150	OG515	0.52	1.03	0.717	0.51	421	no		n
GMOS-N	R150 1.0"	singleslit,multislit	1.0"	1.000	330	R150	OG515	0.52	1.03	0.717	0.51	316	no		n
GMOS-N	R150 1.5"	singleslit,multislit	1.5"	1.500	330	R150	OG515	0.52	1.03	0.717	0.51	210	no		n
GMOS-N	R150 2.0"	singleslit,multislit	2.0"	2.000	330	R150	OG515	0.52	1.03	0.717	0.51	158	no		n
GMOS-N	R150 5.0"	singleslit,multislit	5.0"	5.000	330	R150	OG515	0.52	1.03	0.717	0.51	63	no		n
GMOS-N	R150 0.25"	singleslit,multislit	0.25"	0.250	330	R150	RG610	0.61	1.03	0.717	0.42	1262	no		n
GMOS-N	R150 0.50"	singleslit,multislit	0.50"	0.500	330	R150	RG610	0.61	1.03	0.717	0.42	631	no		n
GMOS-N	R150 0.75"	singleslit,multislit	0.75"	0.750	330	R150	RG610	0.61	1.03	0.717	0.42	421	no		n
GMOS-N	R150 1.0"	singleslit,multislit	1.0"	1.000	330	R150	RG610	0.61	1.03	0.717	0.42	316	no		n
GMOS-N	R150 1.5"	singleslit,multislit	1.5"	1.500	330	R150	RG610	0.61	1.03	0.717	0.42	210	no		n
GMOS-N	R150 2.0"	singleslit,multislit	2.0"	2.000	330	R150	RG610	0.61	1.03	0.717	0.42	158	no		n
GMOS-N	R150 5.0"	singleslit,multislit	5.0"	5.000	330	R150	RG610	0.61	1.03	0.717	0.42	63	no		n
GMOS-N	R150 0.25"	singleslit,multislit	0.25"	0.250	330	R150	CaT	0.78	0.933	0.86	0.153	1262	no		n
GMOS-N	R150 0.50"	singleslit,multislit	0.50"	0.500	330	R150	CaT	0.78	0.933	0.86	0.153	631	no		n
GMOS-N	R150 0.75"	singleslit,multislit	0.75"	0.750	330	R150	CaT	0.78	0.933	0.86	0.153	421	no		n
GMOS-N	R150 1.0"	singleslit,multislit	1.0"	1.000	330	R150	CaT	0.78	0.933	0.86	0.153	316	no		n
GMOS-N	R150 1.5"	singleslit,multislit	1.5"	1.500	330	R150	CaT	0.78	0.933	0.86	0.153	210	no		n
GMOS-N	R150 2.0"	singleslit,multislit	2.0"	2.000	330	R150	CaT	0.78	0.933	0.86	0.153	158	no		n
GMOS-N	R150 5.0"	singleslit,multislit	5.0"	5.000	330	R150	CaT	0.78	0.933	0.86	0.153	63	no		n
GMOS-N	B480 IFU1	ifu	IFU-R	3	5	B480	none	0.36	1.03	0.461	0.317	2500	no		n
GMOS-N	B480 IFU2	ifu	IFU-2	5	7	B480	g	0.398	0.552	0.461	0.154	2500	no		n
GMOS-S	B1200 0.25"	singleslit,multislit	0.25"	0.250	330	B1200	none	0.36	0.72	0.463	0.159	7488	no		s
GMOS-S	B1200 0.50"	singleslit,multislit	0.50"	0.500	330	B1200	none	0.36	0.72	0.463	0.159	3744	no		s
GMOS-S	B1200 0.75"	singleslit,multislit	0.75"	0.750	330	B1200	none	0.36	0.72	0.463	0.159	2496	no		s
GMOS-S	B1200 1.0"	singleslit,multislit	1.0"	1.000	330	B1200	none	0.36	0.72	0.463	0.159	1872	no		s
GMOS-S	B1200 1.5"	singleslit,multislit	1.5"	1.500	330	B1200	none	0.36	0.72	0.463	0.159	1248	no		s
GMOS-S	B1200 2.0"	singleslit,multislit	2.0"	2.000	330	B1200	none	0.36	0.72	0.463	0.159	936	no		s
GMOS-S	B1200 5.0"	singleslit,multislit	5.0"	5.000	330	B1200	none	0.36	0.72	0.463	0.159	374	no		s
GMOS-S	B1200 0.25" GG455	singleslit,multislit	0.25"	0.250	330	B1200	GG455	0.46	0.92	0.463	0.159	7488	no		s
GMOS-S	B1200 0.50" GG455	singleslit,multislit	0.50"	0.500	330	B1200	GG455	0.46	0.92	0.463	0.159	3744	no		s
GMOS-S	B1200 0.75" GG455	singleslit,multislit	0.75"	0.750	330	B1200	GG455	0.46	0.92	0.463	0.159	2496	no		s
GMOS-S	B1200 1.0" GG455	singleslit,multislit	1.0"	1.000	330	B1200	GG455	0.46	0.92	0.463	0.159	1872	no		s
GMOS-S	B1200 1.5" GG455	singleslit,multislit	1.5"	1.500	330	B1200	GG455	0.46	0.92	0.463	0.159	1248	no		s
GMOS-S	B1200 2.0" GG455	singleslit,multislit	2.0"	2.000	330	B1200	GG455	0.46	0.92	0.463	0.159	936	no		s
GMOS-S	B1200 5.0" GG455	singleslit,multislit	5.0"	5.000	330	B1200	GG455	0.46	0.92	0.463	0.159	374	no		s
GMOS-S	B1200 0.25" OG515	singleslit,multislit	0.25"	0.250	330	B1200	OG515	0.52	1.03	0.463	0.159	7488	no		s
GMOS-S	B1200 0.50" OG515	singleslit,multislit	0.50"	0.500	330	B1200	OG515	0.52	1.03	0.463	0.159	3744	no		s
GMOS-S	B1200 0.75" OG515	singleslit,multislit	0.75"	0.750	330	B1200	OG515	0.52	1.03	0.463	0.159	2496	no		s
GMOS-S	B1200 1.0" OG515	singleslit,multislit	1.0"	1.000	330	B1200	OG515	0.52	1.03	0.463	0.159	1872	no		s
GMOS-S	B1200 1.5" OG515	singleslit,multislit	1.5"	1.500	330	B1200	OG515	0.52	1.03	0.463	0.159	1248	no		s
GMOS-S	B1200 2.0" OG515	singleslit,multislit	2.0"	2.000	330	B1200	OG515	0.52	1.03	0.463	0.159	936	no		s
GMOS-S	B1200 5.0" OG515	singleslit,multislit	5.0"	5.000	330	B1200	OG515	0.52	1.03	0.463	0.159	374	no		s
GMOS-S	B1200 0.25" RG610	singleslit,multislit	0.25"	0.250	330	B1200	RG610	0.61	1.03	0.463	0.159	7488	no		s
GMOS-S	B1200 0.50" RG610	singleslit,multislit	0.50"	0.500	330	B1200	RG610	0.61	1.03	0.463	0.159	3744	no		s
GMOS-S	B1200 0.75" RG610	singleslit,multislit	0.75"	0.750	330	B1200	RG610	0.61	1.03	0.463	0.159	2496	no		s
GMOS-S	B1200 1.0" RG610	singleslit,multislit	1.0"	1.000	330	B1200	RG610	0.61	1.03	0.463	0.159	1872	no		s
GMOS-S	B1200 1.5" RG610	singleslit,multislit	1.5"	1.500	330	B1200	RG610	0.61	1.03	0.463	0.159	1248	no		s
GMOS-S	B1200 2.0" RG610	singleslit,multislit	2.0"	2.000	330	B1200	RG610	0.61	1.03	0.463	0.159	936	no		s
GMOS-S	B1200 5.0" RG610	singleslit,multislit	5.0"	5.000	330	B1200	RG610	0.61	1.03	0.463	0.159	374	no		s
GMOS-S	R831 0.25"	singleslit,multislit	0.25"	0.250	330	R831	none	0.36	0.72	0.757	0.23	8792	no		s
GMOS-S	R831 0.50"	singleslit,multislit	0.50"	0.500	330	R831	none	0.36	0.72	0.757	0.23	4396	no		s
GMOS-S	R831 0.75"	singleslit,multislit	0.75"	0.750	330	R831	none	0.36	0.72	0.757	0.23	2931	no		s
GMOS-S	R831 1.0"	singleslit,multislit	1.0"	1.000	330	R831	none	0.36	0.72	0.757	0.23	2198	no		s
GMOS-S	R831 1.5"	singleslit,multislit	1.5"	1.500	330	R831	none	0.36	0.72	0.757	0.23	1465	no		s
GMOS-S	R831 2.0"	singleslit,multislit	2.0"	2.000	330	R831	none	0.36	0.72	0.757	0.23	1099	no		s
GMOS-S	R831 5.0"	singleslit,multislit	5.0"	5.000	330	R831	none	0.36	0.72	0.757	0.23	440	no		s
GMOS-S	R831 0.25"  GG455	singleslit,multislit	0.25"	0.250	330	R831	GG455	0.46	0.92	0.757	0.23	8792	no		s
GMOS-S	R831 0.50"  GG455	singleslit,multislit	0.50"	0.500	330	R831	GG455	0.46	0.92	0.757	0.23	4396	no		s
GMOS-S	R831 0.75"  GG455	singleslit,multislit	0.75"	0.750	330	R831	GG455	0.46	0.92	0.757	0.23	2931	no		s
GMOS-S	R831 1.0"  GG455	singleslit,multislit	1.0"	1.000	330	R831	GG455	0.46	0.92	0.757	0.23	2198	no		s
GMOS-S	R831 1.5"  GG455	singleslit,multislit	1.5"	1.500	330	R831	GG455	0.46	0.92	0.757	0.23	1465	no		s
GMOS-S	R831 2.0"  GG455	singleslit,multislit	2.0"	2.000	330	R831	GG455	0.46	0.92	0.757	0.23	1099	no		s
GMOS-S	R831 5.0"  GG455	singleslit,multislit	5.0"	5.000	330	R831	GG455	0.46	0.92	0.757	0.23	440	no		s
GMOS-S	R831 0.25" OG515	singleslit,multislit	0.25"	0.250	330	R831	OG515	0.52	1.03	0.757	0.23	8792	no		s
GMOS-S	R831 0.50" OG515	singleslit,multislit	0.50"	0.500	330	R831	OG515	0.52	1.03	0.757	0.23	4396	no		s
GMOS-S	R831 0.75" OG515	singleslit,multislit	0.75"	0.750	330	R831	OG515	0.52	1.03	0.757	0.23	2931	no		s
GMOS-S	R831 1.0" OG515	singleslit,multislit	1.0"	1.000	330	R831	OG515	0.52	1.03	0.757	0.23	2198	no		s
GMOS-S	R831 1.5" OG515	singleslit,multislit	1.5"	1.500	330	R831	OG515	0.52	1.03	0.757	0.23	1465	no		s
GMOS-S	R831 2.0" OG515	singleslit,multislit	2.0"	2.000	330	R831	OG515	0.52	1.03	0.757	0.23	1099	no		s
GMOS-S	R831 5.0" OG515	singleslit,multislit	5.0"	5.000	330	R831	OG515	0.52	1.03	0.757	0.23	440	no		s
GMOS-S	R831 0.25" RG610	singleslit,multislit	0.25"	0.250	330	R831	RG610	0.61	1.03	0.757	0.23	8792	no		s
GMOS-S	R831 0.50" RG610	singleslit,multislit	0.50"	0.500	330	R831	RG610	0.61	1.03	0.757	0.23	4396	no		s
GMOS-S	R831 0.75" RG610	singleslit,multislit	0.75"	0.750	330	R831	RG610	0.61	1.03	0.757	0.23	2931	no		s
GMOS-S	R831 1.0" RG610	singleslit,multislit	1.0"	1.000	330	R831	RG610	0.61	1.03	0.757	0.23	2198	no		s
GMOS-S	R831 1.5" RG610	singleslit,multislit	1.5"	1.500	330	R831	RG610	0.61	1.03	0.757	0.23	1465	no		s
GMOS-S	R831 2.0" RG610	singleslit,multislit	2.0"	2.000	330	R831	RG610	0.61	1.03	0.757	0.23	1099	no		s
GMOS-S	R831 5.0" RG610	singleslit,multislit	5.0"	5.000	330	R831	RG610	0.61	1.03	0.757	0.23	440	no		s
GMOS-S	R831 0.25" RG780	singleslit,multislit	0.25"	0.250	330	R831	RG780	0.78	1.03	0.757	0.23	8792	no		s
GMOS-S	R831 0.50" RG780	singleslit,multislit	0.50"	0.500	330	R831	RG780	0.78	1.03	0.757	0.23	4396	no		s
GMOS-S	R831 0.75" RG780	singleslit,multislit	0.75"	0.750	330	R831	RG780	0.78	1.03	0.757	0.23	2931	no		s
GMOS-S	R831 1.0" RG780	singleslit,multislit	1.0"	1.000	330	R831	RG780	0.78	1.03	0.757	0.23	2198	no		s
GMOS-S	R831 1.5" RG780	singleslit,multislit	1.5"	1.500	330	R831	RG780	0.78	1.03	0.757	0.23	1465	no		s
GMOS-S	R831 2.0" RG780	singleslit,multislit	2.0"	2.000	330	R831	RG780	0.78	1.03	0.757	0.23	1099	no		s
GMOS-S	R831 5.0" RG780	singleslit,multislit	5.0"	5.000	330	R831	RG780	0.78	1.03	0.757	0.23	440	no		s
GMOS-S	R831 0.25" CaT	singleslit,multislit	0.25"	0.250	330	R831	CaT	0.78	0.933	0.86	0.153	8792	no		s
GMOS-S	R831 0.50" CaT	singleslit,multislit	0.50"	0.500	330	R831	CaT	0.78	0.933	0.86	0.153	4396	no		s
GMOS-S	R831 0.75" CaT	singleslit,multislit	0.75"	0.750	330	R831	CaT	0.78	0.933	0.86	0.153	2931	no		s
GMOS-S	R831 1.0" CaT	singleslit,multislit	1.0"	1.000	330	R831	CaT	0.78	0.933	0.86	0.153	2198	no		s
GMOS-S	R831 1.5" CaT	singleslit,multislit	1.5"	1.500	330	R831	CaT	0.78	0.933	0.86	0.153	1465	no		s
GMOS-S	R831 2.0" CaT	singleslit,multislit	2.0"	2.000	330	R831	CaT	0.78	0.933	0.86	0.153	1099	no		s
GMOS-S	R831 5.0" CaT	singleslit,multislit	5.0"	5.000	330	R831	CaT	0.78	0.933	0.86	0.153	440	no		s
GMOS-S	B480 0.25"	singleslit,multislit	0.25"	0.250	330	B480	none	0.36	0.72	0.422	0.39	3040	no		s
GMOS-S	B480 0.50"	singleslit,multislit	0.50"	0.500	330	B480	none	0.36	0.72	0.422	0.39	1520	no		s
GMOS-S	B480 0.75"	singleslit,multislit	0.75"	0.750	330	B480	none	0.36	0.72	0.422	0.39	1013	no		s
GMOS-S	B480 1.0"	singleslit,multislit	1.0"	1.000	330	B480	none	0.36	0.72	0.422	0.39	760	no		s
GMOS-S	B480 1.5"	singleslit,multislit	1.5"	1.500	330	B480	none	0.36	0.72	0.422	0.39	507	no		s
GMOS-S	B480 2.0"	singleslit,multislit	2.0"	2.000	330	B480	none	0.36	0.72	0.422	0.39	380	no		s
GMOS-S	B480 5.0"	singleslit,multislit	5.0"	5.000	330	B480	none	0.36	0.72	0.422	0.39	152	no		s
GMOS-S	B480 0.25"  GG455	singleslit,multislit	0.25"	0.250	330	B480	GG455	0.46	0.92	0.422	0.39	3040	no		s
GMOS-S	B480 0.50"  GG455	singleslit,multislit	0.50"	0.500	330	B480	GG455	0.46	0.92	0.422	0.39	1520	no		s
GMOS-S	B480 0.75"  GG455	singleslit,multislit	0.75"	0.750	330	B480	GG455	0.46	0.92	0.422	0.39	1013	no		s
GMOS-S	B480 1.0"  GG455	singleslit,multislit	1.0"	1.000	330	B480	GG455	0.46	0.92	0.422	0.39	760	no		s
GMOS-S	B480 1.5"  GG455	singleslit,multislit	1.5"	1.500	330	B480	GG455	0.46	0.92	0.422	0.39	507	no		s
GMOS-S	B480 2.0"  GG455	singleslit,multislit	2.0"	2.000	330	B480	GG455	0.46	0.92	0.422	0.39	380	no		s
GMOS-S	B480 5.0"  GG455	singleslit,multislit	5.0"	5.000	330	B480	GG455	0.46	0.92	0.422	0.39	152	no		s
GMOS-S	B480 0.25" OG515	singleslit,multislit	0.25"	0.250	330	B480	OG515	0.52	1.03	0.422	0.39	3040	no		s
GMOS-S	B480 0.50" OG515	singleslit,multislit	0.50"	0.500	330	B480	OG515	0.52	1.03	0.422	0.39	1520	no		s
GMOS-S	B480 0.75" OG515	singleslit,multislit	0.75"	0.750	330	B480	OG515	0.52	1.03	0.422	0.39	1013	no		s
GMOS-S	B480 1.0" OG515	singleslit,multislit	1.0"	1.000	330	B480	OG515	0.52	1.03	0.422	0.39	760	no		s
GMOS-S	B480 1.5" OG515	singleslit,multislit	1.5"	1.500	330	B480	OG515	0.52	1.03	0.422	0.39	507	no		s
GMOS-S	B480 2.0" OG515	singleslit,multislit	2.0"	2.000	330	B480	OG515	0.52	1.03	0.422	0.39	380	no		s
GMOS-S	B480 5.0" OG515	singleslit,multislit	5.0"	5.000	330	B480	OG515	0.52	1.03	0.422	0.39	152	no		s
GMOS-S	B480 0.25" RG610	singleslit,multislit	0.25"	0.250	330	B480	RG610	0.61	1.03	0.422	0.39	3040	no		s
GMOS-S	B480 0.50" RG610	singleslit,multislit	0.50"	0.500	330	B480	RG610	0.61	1.03	0.422	0.39	1520	no		s
GMOS-S	B480 0.75" RG610	singleslit,multislit	0.75"	0.750	330	B480	RG610	0.61	1.03	0.422	0.39	1013	no		s
GMOS-S	B480 1.0" RG610	singleslit,multislit	1.0"	1.000	330	B480	RG610	0.61	1.03	0.422	0.39	760	no		s
GMOS-S	B480 1.5" RG610	singleslit,multislit	1.5"	1.500	330	B480	RG610	0.61	1.03	0.422	0.39	507	no		s
GMOS-S	B480 2.0" RG610	singleslit,multislit	2.0"	2.000	330	B480	RG610	0.61	1.03	0.422	0.39	380	no		s
GMOS-S	B480 5.0" RG610	singleslit,multislit	5.0"	5.000	330	B480	RG610	0.61	1.03	0.422	0.39	152	no		s
GMOS-S	R400 0.25"	singleslit,multislit	0.25"	0.250	330	R400	none	0.36	0.72	0.764	0.462	3836	no		s
GMOS-S	R400 0.50"	singleslit,multislit	0.50"	0.500	330	R400	none	0.36	0.72	0.764	0.462	1918	no		s
GMOS-S	R400 0.75"	singleslit,multislit	0.75"	0.750	330	R400	none	0.36	0.72	0.764	0.462	1279	no		s
GMOS-S	R400 1.0"	singleslit,multislit	1.0"	1.000	330	R400	none	0.36	0.72	0.764	0.462	959	no		s
GMOS-S	R400 1.5"	singleslit,multislit	1.5"	1.500	330	R400	none	0.36	0.72	0.764	0.462	639	no		s
GMOS-S	R400 2.0"	singleslit,multislit	2.0"	2.000	330	R400	none	0.36	0.72	0.764	0.462	480	no		s
GMOS-S	R400 5.0"	singleslit,multislit	5.0"	5.000	330	R400	none	0.36	0.72	0.764	0.462	192	no		s
GMOS-S	R400 0.25"  GG455	singleslit,multislit	0.25"	0.250	330	R400	GG455	0.46	0.92	0.764	0.46	3836	no		s
GMOS-S	R400 0.50"  GG455	singleslit,multislit	0.50"	0.500	330	R400	GG455	0.46	0.92	0.764	0.46	1918	no		s
GMOS-S	R400 0.75"  GG455	singleslit,multislit	0.75"	0.750	330	R400	GG455	0.46	0.92	0.764	0.46	1279	no		s
GMOS-S	R400 1.0"  GG455	singleslit,multislit	1.0"	1.000	330	R400	GG455	0.46	0.92	0.764	0.46	959	no		s
GMOS-S	R400 1.5"  GG455	singleslit,multislit	1.5"	1.500	330	R400	GG455	0.46	0.92	0.764	0.46	639	no		s
GMOS-S	R400 2.0"  GG455	singleslit,multislit	2.0"	2.000	330	R400	GG455	0.46	0.92	0.764	0.46	480	no		s
GMOS-S	R400 5.0"  GG455	singleslit,multislit	5.0"	5.000	330	R400	GG455	0.46	0.92	0.764	0.46	192	no		s
GMOS-S	R400 0.25" OG515	singleslit,multislit	0.25"	0.250	330	R400	OG515	0.52	1.03	0.764	0.462	3836	no		s
GMOS-S	R400 0.50" OG515	singleslit,multislit	0.50"	0.500	330	R400	OG515	0.52	1.03	0.764	0.462	1918	no		s
GMOS-S	R400 0.75" OG515	singleslit,multislit	0.75"	0.750	330	R400	OG515	0.52	1.03	0.764	0.462	1279	no		s
GMOS-S	R400 1.0" OG515	singleslit,multislit	1.0"	1.000	330	R400	OG515	0.52	1.03	0.764	0.462	959	no		s
GMOS-S	R400 1.5" OG515	singleslit,multislit	1.5"	1.500	330	R400	OG515	0.52	1.03	0.764	0.462	639	no		s
GMOS-S	R400 2.0" OG515	singleslit,multislit	2.0"	2.000	330	R400	OG515	0.52	1.03	0.764	0.462	480	no		s
GMOS-S	R400 5.0" OG515	singleslit,multislit	5.0"	5.000	330	R400	OG515	0.52	1.03	0.764	0.462	192	no		s
GMOS-S	R400 0.25" RG610	singleslit,multislit	0.25"	0.250	330	R400	RG610	0.61	1.03	0.764	0.42	3836	no		s
GMOS-S	R400 0.50" RG610	singleslit,multislit	0.50"	0.500	330	R400	RG610	0.61	1.03	0.764	0.42	1918	no		s
GMOS-S	R400 0.75" RG610	singleslit,multislit	0.75"	0.750	330	R400	RG610	0.61	1.03	0.764	0.42	1279	no		s
GMOS-S	R400 1.0" RG610	singleslit,multislit	1.0"	1.000	330	R400	RG610	0.61	1.03	0.764	0.42	959	no		s
GMOS-S	R400 1.5" RG610	singleslit,multislit	1.5"	1.500	330	R400	RG610	0.61	1.03	0.764	0.42	639	no		s
GMOS-S	R400 2.0" RG610	singleslit,multislit	2.0"	2.000	330	R400	RG610	0.61	1.03	0.764	0.42	480	no		s
GMOS-S	R400 5.0" RG610	singleslit,multislit	5.0"	5.000	330	R400	RG610	0.61	1.03	0.764	0.42	192	no		s
GMOS-S	R400 0.25" RG780	singleslit,multislit	0.25"	0.250	330	R400	RG780	0.78	1.03	0.764	0.25	3836	no		s
GMOS-S	R400 0.50" RG780	singleslit,multislit	0.50"	0.500	330	R400	RG780	0.78	1.03	0.764	0.25	1918	no		s
GMOS-S	R400 0.75" RG780	singleslit,multislit	0.75"	0.750	330	R400	RG780	0.78	1.03	0.764	0.25	1279	no		s
GMOS-S	R400 1.0" RG780	singleslit,multislit	1.0"	1.000	330	R400	RG780	0.78	1.03	0.764	0.25	959	no		s
GMOS-S	R400 1.5" RG780	singleslit,multislit	1.5"	1.500	330	R400	RG780	0.78	1.03	0.764	0.25	639	no		s
GMOS-S	R400 2.0" RG780	singleslit,multislit	2.0"	2.000	330	R400	RG780	0.78	1.03	0.764	0.25	480	no		s
GMOS-S	R400 5.0" RG780	singleslit,multislit	5.0"	5.000	330	R400	RG780	0.78	1.03	0.764	0.25	192	no		s
GMOS-S	R400 0.25" CaT	singleslit,multislit	0.25"	0.250	330	R400	CaT	0.78	0.933	0.86	0.153	3836	no		s
GMOS-S	R400 0.50" CaT	singleslit,multislit	0.50"	0.500	330	R400	CaT	0.78	0.933	0.86	0.153	1918	no		s
GMOS-S	R400 0.75" CaT	singleslit,multislit	0.75"	0.750	330	R400	CaT	0.78	0.933	0.86	0.153	1279	no		s
GMOS-S	R400 1.0" CaT	singleslit,multislit	1.0"	1.000	330	R400	CaT	0.78	0.933	0.86	0.153	959	no		s
GMOS-S	R400 1.5" CaT	singleslit,multislit	1.5"	1.500	330	R400	CaT	0.78	0.933	0.86	0.153	639	no		s
GMOS-S	R400 2.0" CaT	singleslit,multislit	2.0"	2.000	330	R400	CaT	0.78	0.933	0.86	0.153	480	no		s
GMOS-S	R400 5.0" CaT	singleslit,multislit	5.0"	5.000	330	R400	CaT	0.78	0.933	0.86	0.153	192	no		s
GMOS-S	R150 0.25"	singleslit,multislit	0.25"	0.250	330	R150	none	0.36	0.72	0.717	0.36	1262	no		s
GMOS-S	R150 0.50"	singleslit,multislit	0.50"	0.500	330	R150	none	0.36	0.72	0.717	0.36	631	no		s
GMOS-S	R150 0.75"	singleslit,multislit	0.75"	0.750	330	R150	none	0.36	0.72	0.717	0.36	421	no		s
GMOS-S	R150 1.0"	singleslit,multislit	1.0"	1.000	330	R150	none	0.36	0.72	0.717	0.36	316	no		s
GMOS-S	R150 1.5"	singleslit,multislit	1.5"	1.500	330	R150	none	0.36	0.72	0.717	0.36	210	no		s
GMOS-S	R150 2.0"	singleslit,multislit	2.0"	2.000	330	R150	none	0.36	0.72	0.717	0.36	158	no		s
GMOS-S	R150 5.0"	singleslit,multislit	5.0"	5.000	330	R150	none	0.36	0.72	0.717	0.36	63	no		s
GMOS-S	R150 0.25"  GG455	singleslit,multislit	0.25"	0.250	330	R150	GG455	0.46	0.92	0.717	0.46	1262	no		s
GMOS-S	R150 0.50"  GG455	singleslit,multislit	0.50"	0.500	330	R150	GG455	0.46	0.92	0.717	0.46	631	no		s
GMOS-S	R150 0.75"  GG455	singleslit,multislit	0.75"	0.750	330	R150	GG455	0.46	0.92	0.717	0.46	421	no		s
GMOS-S	R150 1.0"  GG455	singleslit,multislit	1.0"	1.000	330	R150	GG455	0.46	0.92	0.717	0.46	316	no		s
GMOS-S	R150 1.5"  GG455	singleslit,multislit	1.5"	1.500	330	R150	GG455	0.46	0.92	0.717	0.46	210	no		s
GMOS-S	R150 2.0"  GG455	singleslit,multislit	2.0"	2.000	330	R150	GG455	0.46	0.92	0.717	0.46	158	no		s
GMOS-S	R150 5.0"  GG455	singleslit,multislit	5.0"	5.000	330	R150	GG455	0.46	0.92	0.717	0.46	63	no		s
GMOS-S	R150 0.25" OG515	singleslit,multislit	0.25"	0.250	330	R150	OG515	0.52	1.03	0.717	0.51	1262	no		s
GMOS-S	R150 0.50" OG515	singleslit,multislit	0.50"	0.500	330	R150	OG515	0.52	1.03	0.717	0.51	631	no		s
GMOS-S	R150 0.75" OG515	singleslit,multislit	0.75"	0.750	330	R150	OG515	0.52	1.03	0.717	0.51	421	no		s
GMOS-S	R150 1.0" OG515	singleslit,multislit	1.0"	1.000	330	R150	OG515	0.52	1.03	0.717	0.51	316	no		s
GMOS-S	R150 1.5" OG515	singleslit,multislit	1.5"	1.500	330	R150	OG515	0.52	1.03	0.717	0.51	210	no		s
GMOS-S	R150 2.0" OG515	singleslit,multislit	2.0"	2.000	330	R150	OG515	0.52	1.03	0.717	0.51	158	no		s
GMOS-S	R150 5.0" OG515	singleslit,multislit	5.0"	5.000	330	R150	OG515	0.52	1.03	0.717	0.51	63	no		s
GMOS-S	R150 0.25" RG610	singleslit,multislit	0.25"	0.250	330	R150	RG610	0.61	1.03	0.717	0.42	1262	no		s
GMOS-S	R150 0.50" RG610	singleslit,multislit	0.50"	0.500	330	R150	RG610	0.61	1.03	0.717	0.42	631	no		s
GMOS-S	R150 0.75" RG610	singleslit,multislit	0.75"	0.750	330	R150	RG610	0.61	1.03	0.717	0.42	421	no		s
GMOS-S	R150 1.0" RG610	singleslit,multislit	1.0"	1.000	330	R150	RG610	0.61	1.03	0.717	0.42	316	no		s
GMOS-S	R150 1.5" RG610	singleslit,multislit	1.5"	1.500	330	R150	RG610	0.61	1.03	0.717	0.42	210	no		s
GMOS-S	R150 2.0" RG610	singleslit,multislit	2.0"	2.000	330	R150	RG610	0.61	1.03	0.717	0.42	158	no		s
GMOS-S	R150 5.0" RG610	singleslit,multislit	5.0"	5.000	330	R150	RG610	0.61	1.03	0.717	0.42	63	no		s
GMOS-S	R150 0.25" RG780	singleslit,multislit	0.25"	0.250	330	R150	RG780	0.78	1.03	0.717	0.25	1262	no		s
GMOS-S	R150 0.50" RG780	singleslit,multislit	0.50"	0.500	330	R150	RG780	0.78	1.03	0.717	0.25	631	no		s
GMOS-S	R150 0.75" RG780	singleslit,multislit	0.75"	0.750	330	R150	RG780	0.78	1.03	0.717	0.25	421	no		s
GMOS-S	R150 1.0" RG780	singleslit,multislit	1.0"	1.000	330	R150	RG780	0.78	1.03	0.717	0.25	316	no		s
GMOS-S	R150 1.5" RG780	singleslit,multislit	1.5"	1.500	330	R150	RG780	0.78	1.03	0.717	0.25	210	no		s
GMOS-S	R150 2.0" RG780	singleslit,multislit	2.0"	2.000	330	R150	RG780	0.78	1.03	0.717	0.25	158	no		s
GMOS-S	R150 5.0" RG780	singleslit,multislit	5.0"	5.000	330	R150	RG780	0.78	1.03	0.717	0.25	63	no		s
GMOS-S	R150 0.25" CaT	singleslit,multislit	0.25"	0.250	330	R150	CaT	0.78	0.933	0.86	0.153	1262	no		s
GMOS-S	R150 0.50" CaT	singleslit,multislit	0.50"	0.500	330	R150	CaT	0.78	0.933	0.86	0.153	631	no		s
GMOS-S	R150 0.75" CaT	singleslit,multislit	0.75"	0.750	330	R150	CaT	0.78	0.933	0.86	0.153	421	no		s
GMOS-S	R150 1.0" CaT	singleslit,multislit	1.0"	1.000	330	R150	CaT	0.78	0.933	0.86	0.153	316	no		s
GMOS-S	R150 1.5" CaT	singleslit,multislit	1.5"	1.500	330	R150	CaT	0.78	0.933	0.86	0.153	210	no		s
GMOS-S	R150 2.0" CaT	singleslit,multislit	2.0"	2.000	330	R150	CaT	0.78	0.933	0.86	0.153	158	no		s
GMOS-S	R150 5.0" CaT	singleslit,multislit	5.0"	5.000	330	R150	CaT	0.78	0.933	0.86	0.153	63	no		s
GMOS-S	R150 NS1.0 GG455	singleslit,multislit	NS1.0"	1.000	330	R150	GG455	0.46	1.03	0.717	0.57	316	no	Nod&Shuffle	s
GMOS-S	R150 NS1.0 OG515	singleslit,multislit	NS1.0"	1.000	330	R150	OG515	0.52	1.03	0.717	0.51	316	no	Nod&Shuffle	s
GMOS-S	R831 NS1.0 CaT	singleslit,multislit	NS1.0"	1.000	330	R831	CaT	0.78	0.933	0.757	0.23	2198	no	Nod&Shuffle	s
FLAMINGOS2	R3K + Jlow + 0.18"	singleslit,multislit	1 pixel	0.18	263	R3000	J-low	1.048	1.192	1.12	0.144	3500	no		s
FLAMINGOS2	R3K + J + 0.18"	singleslit,multislit	1 pixel	0.18	263	R3000	J	1.175	1.333	1.254	0.158	3500	no		s
FLAMINGOS2	R3K + H + 0.18"	singleslit,multislit	1 pixel	0.18	263	R3000	H	1.486	1.775	1.6305	0.289	3600	no		s
FLAMINGOS2	R3K + Ks + 0.18"	singleslit,multislit	1 pixel	0.18	263	R3000	K-short	1.991	2.32	2.1555	0.329	3600	no		s
FLAMINGOS2	R3K + Kb + 0.18"	singleslit,multislit	1 pixel	0.18	263	R3000	K-blue	1.934	2.177	2.0555	0.243	3600	no		s
FLAMINGOS2	R3K + Kr + 0.18"	singleslit,multislit	1 pixel	0.18	263	R3000	K-red	2.181	2.446	2.3135	0.265	3600	no		s
FLAMINGOS2	R3K + Kl + 0.18"	singleslit,multislit	1 pixel	0.18	263	R3000	K-long	1.9	2.483	2.1915	0.583	3600	no		s
FLAMINGOS2	JH 0.18"	singleslit,multislit	1 pixel	0.18	263	R1200JH	JH	0.97	1.805	1.3875	0.835	1300	no		s
FLAMINGOS2	HK 0.18"	singleslit,multislit	1 pixel	0.18	263	R1200HK	HK	1.261	2.551	1.906	1.29	1300	no		s
FLAMINGOS2	R3K + Jlow + 0.36"	singleslit,multislit	2pixel	0.36	263	R3000	J-low	1.048	1.192	1.12	0.144	2700	no		s
FLAMINGOS2	R3K + J + 0.36"	singleslit,multislit	2pixel	0.36	263	R3000	J	1.175	1.333	1.254	0.158	2800	no		s
FLAMINGOS2	R3K + H + 0.36"	singleslit,multislit	2pixel	0.36	263	R3000	H	1.486	1.775	1.6305	0.289	2800	no		s
FLAMINGOS2	R3K + Ks + 0.36"	singleslit,multislit	2pixel	0.36	263	R3000	K-short	1.991	2.32	2.1555	0.329	2900	no		s
FLAMINGOS2	R3K + Kb + 0.36"	singleslit,multislit	2pixel	0.36	263	R3000	K-blue	1.934	2.177	2.0555	0.243	2900	no		s
FLAMINGOS2	R3K + Kr + 0.36"	singleslit,multislit	2pixel	0.36	263	R3000	K-red	2.181	2.446	2.3135	0.265	2900	no		s
FLAMINGOS2	R3K + Kl + 0.36"	singleslit,multislit	2pixel	0.36	263	R3000	K-long	1.9	2.483	2.1915	0.583	2900	no		s
FLAMINGOS2	JH + 0.36"	singleslit,multislit	2pixel	0.36	263	R1200JH	JH	0.97	1.805	1.3875	0.835	900	no		s
FLAMINGOS2	HK + 0.36"	singleslit,multislit	2pixel	0.36	263	R1200HK	HK	1.261	2.551	1.906	1.29	900	no		s
FLAMINGOS2	R3K + Jlow + 0.54"	singleslit,multislit	3pixel	0.54	263	R3000	J-low	1.048	1.192	1.12	0.144	1800	no		s
FLAMINGOS2	R3K + J + 0.54"	singleslit,multislit	3pixel	0.54	263	R3000	J	1.175	1.333	1.254	0.158	1867	no		s
FLAMINGOS2	R3K + H + 0.54"	singleslit,multislit	3pixel	0.54	263	R3000	H	1.486	1.775	1.6305	0.289	1867	no		s
FLAMINGOS2	R3K + Ks + 0.54"	singleslit,multislit	3pixel	0.54	263	R3000	K-short	1.991	2.32	2.1555	0.329	1933	no		s
FLAMINGOS2	R3K + Kb + 0.54"	singleslit,multislit	3pixel	0.54	263	R3000	K-blue	1.934	2.177	2.0555	0.243	1933	no		s
FLAMINGOS2	R3K + Kr + 0.54"	singleslit,multislit	3pixel	0.54	263	R3000	K-red	2.181	2.446	2.3135	0.265	1933	no		s
FLAMINGOS2	R3K + Kl + 0.54"	singleslit,multislit	3pixel	0.54	263	R3000	K-long	1.9	2.483	2.1915	0.583	1933	no		s
FLAMINGOS2	JH + 0.54"	singleslit,multislit	3pixel	0.54	263	R1200JH	JH	0.97	1.805	1.3875	0.835	600	no		s
FLAMINGOS2	HK + 0.54"	singleslit,multislit	3pixel	0.54	263	R1200HK	HK	1.261	2.551	1.906	1.29	600	no		s
FLAMINGOS2	R3K + Jlow + 0.72"	singleslit,multislit	4pixel	0.72	263	R3000	J-low	1.048	1.192	1.12	0.144	1350	no		s
FLAMINGOS2	R3K + J + 0.72"	singleslit,multislit	4pixel	0.72	263	R3000	J	1.175	1.333	1.254	0.158	1400	no		s
FLAMINGOS2	R3K + H + 0.72"	singleslit,multislit	4pixel	0.72	263	R3000	H	1.486	1.775	1.6305	0.289	1400	no		s
FLAMINGOS2	R3K + Ks + 0.72"	singleslit,multislit	4pixel	0.72	263	R3000	K-short	1.991	2.32	2.1555	0.329	1450	no		s
FLAMINGOS2	R3K + Kb + 0.72"	singleslit,multislit	4pixel	0.72	263	R3000	K-blue	1.934	2.177	2.0555	0.243	1450	no		s
FLAMINGOS2	R3K + Kr + 0.72"	singleslit,multislit	4pixel	0.72	263	R3000	K-red	2.181	2.446	2.3135	0.265	1450	no		s
FLAMINGOS2	R3K + Kl + 0.72"	singleslit,multislit	4pixel	0.72	263	R3000	K-long	1.9	2.483	2.1915	0.583	1450	no		s
FLAMINGOS2	JH + 0.72"	singleslit,multislit	4pixel	0.72	263	R1200JH	JH	0.97	1.805	1.3875	0.835	450	no		s
FLAMINGOS2	HK + 0.72"	singleslit,multislit	4pixel	0.72	263	R1200HK	HK	1.261	2.551	1.906	1.29	450	no		s
FLAMINGOS2	R3K + Jlow + 1.08"	singleslit,multislit	6pixel	1.08	263	R3000	J-low	1.048	1.192	1.12	0.144	900	no		s
FLAMINGOS2	R3K + J + 1.08"	singleslit,multislit	6pixel	1.08	263	R3000	J	1.175	1.333	1.254	0.158	933	no		s
FLAMINGOS2	R3K + H + 1.08"	singleslit,multislit	6pixel	1.08	263	R3000	H	1.486	1.775	1.6305	0.289	933	no		s
FLAMINGOS2	R3K + Ks + 1.08"	singleslit,multislit	6pixel	1.08	263	R3000	K-short	1.991	2.32	2.1555	0.329	967	no		s
FLAMINGOS2	R3K + Kb + 1.08"	singleslit,multislit	6pixel	1.08	263	R3000	K-blue	1.934	2.177	2.0555	0.243	967	no		s
FLAMINGOS2	R3K + Kr + 1.08"	singleslit,multislit	6pixel	1.08	263	R3000	K-red	2.181	2.446	2.3135	0.265	967	no		s
FLAMINGOS2	R3K + Kl + 1.08"	singleslit,multislit	6pixel	1.08	263	R3000	K-long	1.9	2.483	2.1915	0.583	967	no		s
FLAMINGOS2	JH + 1.08"	singleslit,multislit	6pixel	1.08	263	R1200JH	JH	0.97	1.805	1.3875	0.835	300	no		s
FLAMINGOS2	HK + 1.08"	singleslit,multislit	6pixel	1.08	263	R1200HK	HK	1.261	2.551	1.906	1.29	300	no		s
FLAMINGOS2	R3K + Jlow + 1.44"	singleslit,multislit	8pixel	1.44	263	R3000	J-low	1.048	1.192	1.12	0.144	675	no		s
FLAMINGOS2	R3K + J + 1.44"	singleslit,multislit	8pixel	1.44	263	R3000	J	1.175	1.333	1.254	0.158	700	no		s
FLAMINGOS2	R3K + H + 1.44	singleslit,multislit	8pixel	1.44	263	R3000	H	1.486	1.775	1.6305	0.289	700	no		s
FLAMINGOS2	R3K + Ks + 1.44"	singleslit,multislit	8pixel	1.44	263	R3000	K-short	1.991	2.32	2.1555	0.329	725	no		s
FLAMINGOS2	R3K + Kb + 1.44"	singleslit,multislit	8pixel	1.44	263	R3000	K-blue	1.934	2.177	2.0555	0.243	725	no		s
FLAMINGOS2	R3K + Kr + 1.44"	singleslit,multislit	8pixel	1.44	263	R3000	K-red	2.181	2.446	2.3135	0.265	725	no		s
FLAMINGOS2	R3K + Kl + 1.44"	singleslit,multislit	8pixel	1.44	263	R3000	K-long	1.9	2.483	2.1915	0.583	725	no		s
FLAMINGOS2	JH + 1.44"	singleslit,multislit	8pixel	1.44	263	R1200JH	JH	0.97	1.805	1.3875	0.835	225	no		s
FLAMINGOS2	HK + 1.44"	singleslit,multislit	8pixel	1.44	263	R1200HK	HK	1.261	2.551	1.906	1.29	225	no		s
GPI-2	Y	ifu	Coronagraph	0.156	2.8	Prism	Y	0.95	1.14	1.045	0.19	35	yes	coronagraph	s
GPI-2	J	ifu	Coronagraph	0.184	2.8	Prism	J	1.12	1.35	1.235	0.23	36	yes	coronagraph	s
GPI-2	H	ifu	Coronagraph	0.246	2.8	Prism	H	1.5	1.8	1.65	0.30	46	yes	coronagraph	s
GPI-2	K1	ifu	Coronagraph	0.306	2.8	Prism	K1	1.9	2.19	2.045	0.29	66	yes	coronagraph	s
GPI-2	K2	ifu	Coronagraph	0.306	2.8	Prism	K2	2.13	2.4	2.265	0.27	79	yes	coronagraph	s
SCORPIO	foo	singleslit	?	0.300	180	?	dichroic	0.37	2.35	1.36	1.98	4000	no		s
GNIRS	SC	singleslit	0.3	0.300	99	32	X	1.03	1.17	1.1	0.331	1700	no		n
GNIRS	SC	singleslit	0.3	0.300	99	32	J	1.17	1.37	1.27	0.397	1600	no		n
GNIRS	SC	singleslit	0.3	0.300	99	32	H	1.49	1.8	1.645	0.496	1700	no		n
GNIRS	SC	singleslit	0.3	0.300	99	32	K	1.91	2.49	2.2	0.661	1700	no		n
GNIRS	SC	singleslit	0.3	0.300	99	32	L	2.8	4.2	3.5	0.992	1800	no		n
GNIRS	SC	singleslit	0.45	0.450	99	32	X	1.03	1.17	1.1	0.331	1133	no		n
GNIRS	SC	singleslit	0.45	0.450	99	32	J	1.17	1.37	1.27	0.397	1067	no		n
GNIRS	SC	singleslit	0.45	0.450	99	32	H	1.49	1.8	1.645	0.496	1133	no		n
GNIRS	SC	singleslit	0.45	0.450	99	32	K	1.91	2.49	2.2	0.661	1133	no		n
GNIRS	SC	singleslit	0.45	0.450	99	32	L	2.8	4.2	3.5	0.992	1200	no		n
GNIRS	SC	singleslit	0.675	0.675	99	32	X	1.03	1.17	1.1	0.331	756	no		n
GNIRS	SC	singleslit	0.675	0.675	99	32	J	1.17	1.37	1.27	0.397	711	no		n
GNIRS	SC	singleslit	0.675	0.675	99	32	H	1.49	1.8	1.645	0.496	756	no		n
GNIRS	SC	singleslit	0.675	0.675	99	32	K	1.91	2.49	2.2	0.661	756	no		n
GNIRS	SC	singleslit	0.675	0.675	99	32	L	2.8	4.2	3.5	0.992	800	no		n
GNIRS	SC	singleslit	1.0	1.000	99	32	X	1.03	1.17	1.1	0.331	510	no		n
GNIRS	SC	singleslit	1.0	1.000	99	32	J	1.17	1.37	1.27	0.397	480	no		n
GNIRS	SC	singleslit	1.0	1.000	99	32	H	1.49	1.8	1.645	0.496	510	no		n
GNIRS	SC	singleslit	1.0	1.000	99	32	K	1.91	2.49	2.2	0.661	510	no		n
GNIRS	SC	singleslit	1.0	1.000	99	32	L	2.8	4.2	3.5	0.992	540	no		n
GNIRS	SC	singleslit	0.3	0.300	99	111	X	1.03	1.17	1.1	0.094	6600	no		n
GNIRS	SC	singleslit	0.3	0.300	99	111	J	1.17	1.37	1.27	0.113	7200	no		n
GNIRS	SC	singleslit	0.3	0.300	99	111	H	1.49	1.8	1.645	0.142	5900	no		n
GNIRS	SC	singleslit	0.3	0.300	99	111	K	1.91	2.49	2.2	0.189	5900	no		n
GNIRS	SC	singleslit	0.3	0.300	99	111	L	2.8	4.2	3.5	0.28	6400	no		n
GNIRS	SC	singleslit	0.3	0.300	99	111	M	4.4	6	4.8	0.575	4300	no		n
GNIRS	SC	singleslit	0.45	0.450	99	111	X	1.03	1.17	1.1	0.094	4400	no		n
GNIRS	SC	singleslit	0.45	0.450	99	111	J	1.17	1.37	1.27	0.113	4800	no		n
GNIRS	SC	singleslit	0.45	0.450	99	111	H	1.49	1.8	1.645	0.142	3933	no		n
GNIRS	SC	singleslit	0.45	0.450	99	111	K	1.91	2.49	2.2	0.189	3933	no		n
GNIRS	SC	singleslit	0.45	0.450	99	111	L	2.8	4.2	3.5	0.28	4267	no		n
GNIRS	SC	singleslit	0.45	0.450	99	111	M	4.4	6	4.8	0.575	2867	no		n
GNIRS	SC	singleslit	0.675	0.675	99	111	X	1.03	1.17	1.1	0.094	2933	no		n
GNIRS	SC	singleslit	0.675	0.675	99	111	J	1.17	1.37	1.27	0.113	3200	no		n
GNIRS	SC	singleslit	0.675	0.675	99	111	H	1.49	1.8	1.645	0.142	2622	no		n
GNIRS	SC	singleslit	0.675	0.675	99	111	K	1.91	2.49	2.2	0.189	2622	no		n
GNIRS	SC	singleslit	0.675	0.675	99	111	L	2.8	4.2	3.5	0.28	2844	no		n
GNIRS	SC	singleslit	0.675	0.675	99	111	M	4.4	6	4.8	0.575	1911	no		n
GNIRS	SC	singleslit	1.00	1.000	99	111	X	1.03	1.17	1.1	0.094	1980	no		n
GNIRS	SC	singleslit	1.00	1.000	99	111	J	1.17	1.37	1.27	0.113	2160	no		n
GNIRS	SC	singleslit	1.00	1.000	99	111	H	1.49	1.8	1.645	0.142	1770	no		n
GNIRS	SC	singleslit	1.00	1.000	99	111	K	1.91	2.49	2.2	0.189	1770	no		n
GNIRS	SC	singleslit	1.00	1.000	99	111	L	2.8	4.2	3.5	0.28	1920	no		n
GNIRS	SC	singleslit	1.00	1.000	99	111	M	4.4	6	4.8	0.575	1290	no		n
GNIRS	LC	singleslit	0.10	0.100	49	10	X	1.03	1.17	1.1	0.332	2100	yes		n
GNIRS	LC	singleslit	0.10	0.100	49	10	J	1.17	1.37	1.27	0.398	1600	yes		n
GNIRS	LC	singleslit	0.10	0.100	49	10	H	1.49	1.8	1.645	0.497	1700	yes		n
GNIRS	LC	singleslit	0.10	0.100	49	10	K	1.91	2.49	2.2	0.663	1700	yes		n
GNIRS	LC	singleslit	0.10	0.100	49	10	L	2.8	4.2	3.5	0.995	1800	no		n
GNIRS	LC	singleslit	0.15	0.150	49	10	X	1.03	1.17	1.1	0.332	1400	yes		n
GNIRS	LC	singleslit	0.15	0.150	49	10	J	1.17	1.37	1.27	0.398	1067	yes		n
GNIRS	LC	singleslit	0.15	0.150	49	10	H	1.49	1.8	1.645	0.497	1133	yes		n
GNIRS	LC	singleslit	0.15	0.150	49	10	K	1.91	2.49	2.2	0.663	1133	yes		n
GNIRS	LC	singleslit	0.15	0.150	49	10	L	2.8	4.2	3.5	0.995	1200	no		n
GNIRS	LC	singleslit	0.20	0.200	49	10	X	1.03	1.17	1.1	0.332	1050	yes		n
GNIRS	LC	singleslit	0.20	0.200	49	10	J	1.17	1.37	1.27	0.398	800	yes		n
GNIRS	LC	singleslit	0.20	0.200	49	10	H	1.49	1.8	1.645	0.497	850	yes		n
GNIRS	LC	singleslit	0.20	0.200	49	10	K	1.91	2.49	2.2	0.663	850	yes		n
GNIRS	LC	singleslit	0.20	0.200	49	10	L	2.8	4.2	3.5	0.995	900	no		n
GNIRS	LC	singleslit	0.30	0.300	49	10	X	1.03	1.17	1.1	0.332	700	yes		n
GNIRS	LC	singleslit	0.30	0.300	49	10	J	1.17	1.37	1.27	0.398	533	yes		n
GNIRS	LC	singleslit	0.30	0.300	49	10	H	1.49	1.8	1.645	0.497	567	yes		n
GNIRS	LC	singleslit	0.30	0.300	49	10	K	1.91	2.49	2.2	0.663	567	yes		n
GNIRS	LC	singleslit	0.30	0.300	49	10	L	2.8	4.2	3.5	0.995	600	no		n
GNIRS	LC	singleslit	0.45	0.450	49	10	X	1.03	1.17	1.1	0.332	467	yes		n
GNIRS	LC	singleslit	0.45	0.450	49	10	J	1.17	1.37	1.27	0.398	356	yes		n
GNIRS	LC	singleslit	0.45	0.450	49	10	H	1.49	1.8	1.645	0.497	378	yes		n
GNIRS	LC	singleslit	0.45	0.450	49	10	K	1.91	2.49	2.2	0.663	378	yes		n
GNIRS	LC	singleslit	0.45	0.450	49	10	L	2.8	4.2	3.5	0.995	400	no		n
GNIRS	LC	singleslit	0.675	0.675	49	10	X	1.03	1.17	1.1	0.332	311	yes		n
GNIRS	LC	singleslit	0.675	0.675	49	10	J	1.17	1.37	1.27	0.398	237	yes		n
GNIRS	LC	singleslit	0.675	0.675	49	10	H	1.49	1.8	1.645	0.497	252	yes		n
GNIRS	LC	singleslit	0.675	0.675	49	10	K	1.91	2.49	2.2	0.663	252	yes		n
GNIRS	LC	singleslit	0.675	0.675	49	10	L	2.8	4.2	3.5	0.995	267	no		n
GNIRS	LC	singleslit	1.00	1.000	49	10	X	1.03	1.17	1.1	0.332	210	yes		n
GNIRS	LC	singleslit	1.00	1.000	49	10	J	1.17	1.37	1.27	0.398	160	yes		n
GNIRS	LC	singleslit	1.00	1.000	49	10	H	1.49	1.8	1.645	0.497	170	yes		n
GNIRS	LC	singleslit	1.00	1.000	49	10	K	1.91	2.49	2.2	0.663	170	yes		n
GNIRS	LC	singleslit	1.00	1.000	49	10	L	2.8	4.2	3.5	0.995	180	no		n
GNIRS	LC	singleslit	0.1	0.100	49	32	X	1.03	1.17	1.1	0.11	5100	yes		n
GNIRS	LC	singleslit	0.1	0.100	49	32	J	1.17	1.37	1.27	0.132	4800	yes		n
GNIRS	LC	singleslit	0.1	0.100	49	32	H	1.49	1.8	1.645	0.166	5100	yes		n
GNIRS	LC	singleslit	0.1	0.100	49	32	K	1.91	2.49	2.2	0.221	5100	yes		n
GNIRS	LC	singleslit	0.1	0.100	49	32	L	2.8	4.2	3.5	0.332	5400	no		n
GNIRS	LC	singleslit	0.1	0.100	49	32	M	4.4	6	4.8	0.66	3700	no		n
GNIRS	LC	singleslit	0.15	0.150	49	32	X	1.03	1.17	1.1	0.11	3400	yes		n
GNIRS	LC	singleslit	0.15	0.150	49	32	J	1.17	1.37	1.27	0.132	3200	yes		n
GNIRS	LC	singleslit	0.15	0.150	49	32	H	1.49	1.8	1.645	0.166	3400	yes		n
GNIRS	LC	singleslit	0.15	0.150	49	32	K	1.91	2.49	2.2	0.221	3400	yes		n
GNIRS	LC	singleslit	0.15	0.150	49	32	L	2.8	4.2	3.5	0.332	3600	no		n
GNIRS	LC	singleslit	0.15	0.150	49	32	M	4.4	6	4.8	0.66	2467	no		n
GNIRS	LC	singleslit	0.2	0.200	49	32	X	1.03	1.17	1.1	0.11	2550	yes		n
GNIRS	LC	singleslit	0.2	0.200	49	32	J	1.17	1.37	1.27	0.132	2400	yes		n
GNIRS	LC	singleslit	0.2	0.200	49	32	H	1.49	1.8	1.645	0.166	2550	yes		n
GNIRS	LC	singleslit	0.2	0.200	49	32	K	1.91	2.49	2.2	0.221	2550	yes		n
GNIRS	LC	singleslit	0.2	0.200	49	32	L	2.8	4.2	3.5	0.332	2700	no		n
GNIRS	LC	singleslit	0.2	0.200	49	32	M	4.4	6	4.8	0.66	1850	no		n
GNIRS	LC	singleslit	0.3	0.300	49	32	X	1.03	1.17	1.1	0.11	1700	yes		n
GNIRS	LC	singleslit	0.3	0.300	49	32	J	1.17	1.37	1.27	0.132	1600	yes		n
GNIRS	LC	singleslit	0.3	0.300	49	32	H	1.49	1.8	1.645	0.166	1700	yes		n
GNIRS	LC	singleslit	0.3	0.300	49	32	K	1.91	2.49	2.2	0.221	1700	yes		n
GNIRS	LC	singleslit	0.3	0.300	49	32	L	2.8	4.2	3.5	0.332	1800	no		n
GNIRS	LC	singleslit	0.3	0.300	49	32	M	4.4	6	4.8	0.66	1233	no		n
GNIRS	LC	singleslit	0.45	0.450	49	32	X	1.03	1.17	1.1	0.11	1133	yes		n
GNIRS	LC	singleslit	0.45	0.450	49	32	J	1.17	1.37	1.27	0.132	1067	yes		n
GNIRS	LC	singleslit	0.45	0.450	49	32	H	1.49	1.8	1.645	0.166	1133	yes		n
GNIRS	LC	singleslit	0.45	0.450	49	32	K	1.91	2.49	2.2	0.221	1133	yes		n
GNIRS	LC	singleslit	0.45	0.450	49	32	L	2.8	4.2	3.5	0.332	1200	no		n
GNIRS	LC	singleslit	0.45	0.450	49	32	M	4.4	6	4.8	0.66	822	no		n
GNIRS	LC	singleslit	0.675	0.675	49	32	X	1.03	1.17	1.1	0.11	756	yes		n
GNIRS	LC	singleslit	0.675	0.675	49	32	J	1.17	1.37	1.27	0.132	711	yes		n
GNIRS	LC	singleslit	0.675	0.675	49	32	H	1.49	1.8	1.645	0.166	756	yes		n
GNIRS	LC	singleslit	0.675	0.675	49	32	K	1.91	2.49	2.2	0.221	756	yes		n
GNIRS	LC	singleslit	0.675	0.675	49	32	L	2.8	4.2	3.5	0.332	800	no		n
GNIRS	LC	singleslit	0.675	0.675	49	32	M	4.4	6	4.8	0.66	548	no		n
GNIRS	LC	singleslit	1.0	1.000	49	32	X	1.03	1.17	1.1	0.11	510	yes		n
GNIRS	LC	singleslit	1.0	1.000	49	32	J	1.17	1.37	1.27	0.132	480	yes		n
GNIRS	LC	singleslit	1.0	1.000	49	32	H	1.49	1.8	1.645	0.166	510	yes		n
GNIRS	LC	singleslit	1.0	1.000	49	32	K	1.91	2.49	2.2	0.221	510	yes		n
GNIRS	LC	singleslit	1.0	1.000	49	32	L	2.8	4.2	3.5	0.332	540	no		n
GNIRS	LC	singleslit	1.0	1.000	49	32	M	4.4	6	4.8	0.66	370	no		n
GNIRS	LC	singleslit	0.1	0.100	49	111	X	1.03	1.17	1.1	0.0316	17800	yes		n
GNIRS	LC	singleslit	0.1	0.100	49	111	J	1.17	1.37	1.27	0.038	17000	yes		n
GNIRS	LC	singleslit	0.1	0.100	49	111	H	1.49	1.8	1.645	0.0475	17800	yes		n
GNIRS	LC	singleslit	0.1	0.100	49	111	K	1.91	2.49	2.2	0.0633	17800	yes		n
GNIRS	LC	singleslit	0.1	0.100	49	111	L	2.8	4.2	3.5	0.0944	19000	no		n
GNIRS	LC	singleslit	0.1	0.100	49	111	M	4.4	6	4.8	0.192	12800	no		n
GNIRS	LC	singleslit	0.15	0.150	49	111	X	1.03	1.17	1.1	0.0316	11867	yes		n
GNIRS	LC	singleslit	0.15	0.150	49	111	J	1.17	1.37	1.27	0.038	11333	yes		n
GNIRS	LC	singleslit	0.15	0.150	49	111	H	1.49	1.8	1.645	0.0475	11867	yes		n
GNIRS	LC	singleslit	0.15	0.150	49	111	K	1.91	2.49	2.2	0.0633	11867	yes		n
GNIRS	LC	singleslit	0.15	0.150	49	111	L	2.8	4.2	3.5	0.0944	12667	no		n
GNIRS	LC	singleslit	0.15	0.150	49	111	M	4.4	6	4.8	0.192	8533	no		n
GNIRS	LC	singleslit	0.2	0.200	49	111	X	1.03	1.17	1.1	0.0316	8900	yes		n
GNIRS	LC	singleslit	0.2	0.200	49	111	J	1.17	1.37	1.27	0.038	8500	yes		n
GNIRS	LC	singleslit	0.2	0.200	49	111	H	1.49	1.8	1.645	0.0475	8900	yes		n
GNIRS	LC	singleslit	0.2	0.200	49	111	K	1.91	2.49	2.2	0.0633	8900	yes		n
GNIRS	LC	singleslit	0.2	0.200	49	111	L	2.8	4.2	3.5	0.0944	9500	no		n
GNIRS	LC	singleslit	0.2	0.200	49	111	M	4.4	6	4.8	0.192	6400	no		n
GNIRS	LC	singleslit	0.3	0.300	49	111	X	1.03	1.17	1.1	0.0316	5933	yes		n
GNIRS	LC	singleslit	0.3	0.300	49	111	J	1.17	1.37	1.27	0.038	5667	yes		n
GNIRS	LC	singleslit	0.3	0.300	49	111	H	1.49	1.8	1.645	0.0475	5933	yes		n
GNIRS	LC	singleslit	0.3	0.300	49	111	K	1.91	2.49	2.2	0.0633	5933	yes		n
GNIRS	LC	singleslit	0.3	0.300	49	111	L	2.8	4.2	3.5	0.0944	6333	no		n
GNIRS	LC	singleslit	0.3	0.300	49	111	M	4.4	6	4.8	0.192	4267	no		n
GNIRS	LC	singleslit	0.45	0.450	49	111	X	1.03	1.17	1.1	0.0316	3956	yes		n
GNIRS	LC	singleslit	0.45	0.450	49	111	J	1.17	1.37	1.27	0.038	3778	yes		n
GNIRS	LC	singleslit	0.45	0.450	49	111	H	1.49	1.8	1.645	0.0475	3956	yes		n
GNIRS	LC	singleslit	0.45	0.450	49	111	K	1.91	2.49	2.2	0.0633	3956	yes		n
GNIRS	LC	singleslit	0.45	0.450	49	111	L	2.8	4.2	3.5	0.0944	4222	no		n
GNIRS	LC	singleslit	0.45	0.450	49	111	M	4.4	6	4.8	0.192	2844	no		n
GNIRS	LC	singleslit	0.675	0.675	49	111	X	1.03	1.17	1.1	0.0316	2637	yes		n
GNIRS	LC	singleslit	0.675	0.675	49	111	J	1.17	1.37	1.27	0.038	2519	yes		n
GNIRS	LC	singleslit	0.675	0.675	49	111	H	1.49	1.8	1.645	0.0475	2637	yes		n
GNIRS	LC	singleslit	0.675	0.675	49	111	K	1.91	2.49	2.2	0.0633	2637	yes		n
GNIRS	LC	singleslit	0.675	0.675	49	111	L	2.8	4.2	3.5	0.0944	2815	no		n
GNIRS	LC	singleslit	0.675	0.675	49	111	M	4.4	6	4.8	0.192	1896	no		n
GNIRS	LC	singleslit	1.0	1.000	49	111	X	1.03	1.17	1.1	0.0316	1780	yes		n
GNIRS	LC	singleslit	1.0	1.000	49	111	J	1.17	1.37	1.27	0.038	1700	yes		n
GNIRS	LC	singleslit	1.0	1.000	49	111	H	1.49	1.8	1.645	0.0475	1780	yes		n
GNIRS	LC	singleslit	1.0	1.000	49	111	K	1.91	2.49	2.2	0.0633	1780	yes		n
GNIRS	LC	singleslit	1.0	1.000	49	111	L	2.8	4.2	3.5	0.0944	1900	no		n
GNIRS	LC	singleslit	1.0	1.000	49	111	M	4.4	6	4.8	0.192	1280	no		n
GNIRS	SC	singleslit	0.3	0.300	7	32	XD	0.85	2.5	1.675	2.5	1700	no		n
GNIRS	LC	singleslit	0.1	0.100	5	32	XD	0.85	2.5	1.675	2.5	5000	yes		n
GNIRS	LR-IFU	ifu	LR-IFU	3.150	4.8	32	X	1.03	1.17	1.1	0.331	1700	yes		n
GNIRS	LR-IFU	ifu	LR-IFU	3.150	4.8	32	J	1.17	1.37	1.27	0.397	1600	yes		n
GNIRS	LR-IFU	ifu	LR-IFU	3.150	4.8	32	H	1.49	1.8	1.645	0.496	1700	yes		n
GNIRS	LR-IFU	ifu	LR-IFU	3.150	4.8	32	K	1.91	2.49	2.2	0.661	1700	yes		n
GNIRS	LR-IFU	ifu	LR-IFU	3.150	4.8	32	L	2.8	4.2	3.5	0.992	1800	no		n
GNIRS	LR-IFU	ifu	LR-IFU	3.150	4.8	111	X	1.03	1.17	1.1	0.094	6600	yes		n
GNIRS	LR-IFU	ifu	LR-IFU	3.150	4.8	111	J	1.17	1.37	1.27	0.113	7200	yes		n
GNIRS	LR-IFU	ifu	LR-IFU	3.150	4.8	111	H	1.49	1.8	1.645	0.142	5900	yes		n
GNIRS	LR-IFU	ifu	LR-IFU	3.150	4.8	111	K	1.91	2.49	2.2	0.189	5900	yes		n
GNIRS	LR-IFU	ifu	LR-IFU	3.150	4.8	111	L	2.8	4.2	3.5	0.28	6400	no		n
GNIRS	LR-IFU	ifu	LR-IFU	3.150	4.8	111	M	4.4	6	4.8	0.575	4300	no		n
GNIRS	HR-IFU	ifu	HR-IFU	1.250	1.8	10	X	1.03	1.17	1.1	0.332	2100	yes		n
GNIRS	HR-IFU	ifu	HR-IFU	1.250	1.8	10	J	1.17	1.37	1.27	0.398	1600	yes		n
GNIRS	HR-IFU	ifu	HR-IFU	1.250	1.8	10	H	1.49	1.8	1.645	0.497	1700	yes		n
GNIRS	HR-IFU	ifu	HR-IFU	1.250	1.8	10	K	1.91	2.49	2.2	0.663	1700	yes		n
GNIRS	HR-IFU	ifu	HR-IFU	1.250	1.8	10	L	2.8	4.2	3.5	0.995	1800	no		n
GNIRS	HR-IFU	ifu	HR-IFU	1.250	1.8	32	X	1.03	1.17	1.1	0.11	5100	yes		n
GNIRS	HR-IFU	ifu	HR-IFU	1.250	1.8	32	J	1.17	1.37	1.27	0.132	4800	yes		n
GNIRS	HR-IFU	ifu	HR-IFU	1.250	1.8	32	H	1.49	1.8	1.645	0.166	5100	yes		n
GNIRS	HR-IFU	ifu	HR-IFU	1.250	1.8	32	K	1.91	2.49	2.2	0.221	5100	yes		n
GNIRS	HR-IFU	ifu	HR-IFU	1.250	1.8	32	L	2.8	4.2	3.5	0.332	5400	no		n
GNIRS	HR-IFU	ifu	HR-IFU	1.250	1.8	32	M	4.4	6	4.8	0.66	3700	no		n
GNIRS	HR-IFU	ifu	HR-IFU	1.250	1.8	111	X	1.03	1.17	1.1	0.0316	17800	yes		n
GNIRS	HR-IFU	ifu	HR-IFU	1.250	1.8	111	J	1.17	1.37	1.27	0.038	17000	yes		n
GNIRS	HR-IFU	ifu	HR-IFU	1.250	1.8	111	H	1.49	1.8	1.645	0.0475	17800	yes		n
GNIRS	HR-IFU	ifu	HR-IFU	1.250	1.8	111	K	1.91	2.49	2.2	0.0633	17800	yes		n
GNIRS	HR-IFU	ifu	HR-IFU	1.250	1.8	111	L	2.8	4.2	3.5	0.0944	19000	no		n
GNIRS	HR-IFU	ifu	HR-IFU	1.250	1.8	111	M	4.4	6	4.8	0.192	12800	no		n